--Este script se debe ejecutar 
insert into lugar (id_lugar,nombre,observacion ) values 
(1,'Setor 1', 'Lugar Latacunga'),
(2,'Setor 2', 'Lugar Latacunga'),
(3,'Setor 3', 'Lugar Latacunga'),
(4,'Setor 4', 'Lugar Latacunga'),
(5,'Setor 5', 'Lugar Latacunga'),
(6,'Setor 6', 'Lugar Latacunga'),
(7,'Setor 7', 'Lugar Latacunga'),
(8,'Setor 8', 'Lugar Latacunga'),
(9,'Setor 9', 'Lugar Latacunga'),
(10,'Setor 10', 'Lugar Latacunga'),
(11,'Setor 11', 'Lugar Latacunga'),
(12,'Setor 12', 'Lugar Latacunga'),
(13,'Setor 13', 'Lugar Latacunga'),
(14,'Setor 14', 'Lugar Latacunga'),
(15,'Setor 15', 'Lugar Latacunga'),
(16,'Setor 16', 'Lugar Latacunga'),
(17,'Setor 17', 'Lugar Latacunga'),
(18,'Setor 18', 'Lugar Latacunga'),
(19,'Setor 19', 'Lugar Latacunga'),
(20,'Setor 20', 'Lugar Latacunga'),
(21,'Setor 21', 'Lugar Latacunga'),
(22,'Setor 22', 'Lugar Latacunga'),
(23,'Setor 23', 'Lugar Latacunga'),
(24,'Setor 24', 'Lugar Latacunga');
-- Puntos
-- Obtener ultimo id de puntos geografico.
-- 24 x 5 -2 = 118
insert into puntogeografico (id_punto_geografico, nombre , longitud , latitud ) values 
( 101, 'Sector 1', '-78.65019402261387', '-0.8860607002457357'),
( 102, 'Sector 1', '-78.61432164197305', '-0.8801031619018431'),
( 103, 'Sector 1', '-78.61432164197305', '-0.8860607002457357'),
( 104, 'Sector 1', '-78.65019402261387', '-0.8860607002457357'),

( 105, 'Sector 2', '-78.61432164197305', '-0.8801031619018431'),
( 106, 'Sector 2', '-78.59715271314667', '-0.8863064851445017'),
( 107, 'Sector 2', '-78.61432164197305', '-0.8860607002457357'),
( 108, 'Sector 2', '-78.61432164197305', '-0.8801031619018431'),

( 109, 'Sector 3', '-78.65019402261387', '-0.8860607002457357'),
( 110, 'Sector 3', '-78.61432164197305', '-0.8860607002457357'),
( 111, 'Sector 3', '-78.61432164197305', '-0.8926865827761503'),
( 112, 'Sector 3', '-78.65070411780472', '-0.8926865827761503'),
( 113, 'Sector 3', '-78.65019402261387', '-0.8860607002457357'),

(114, 'Sector 4', '-78.65019402261387', '-0.8860607002457357'),
(115, 'Sector 4', '-78.61432164197305', '-0.8860607002457357'),
(116, 'Sector 4', '-78.61432164197305', '-0.8926865827761503'),
(117, 'Sector 4', '-78.65070411780472', '-0.8926865827761503'),
(118, 'Sector 4', '-78.65019402261387', '-0.8860607002457357'),

(119, 'Sector 5', '-78.65070411780472', '-0.8926865827761503'),
(120, 'Sector 5', '-78.61432164197305', '-0.8926865827761503'),
(121, 'Sector 5', '-78.61432164197305', '-0.8991989146285704'),
(122, 'Sector 5', '-78.65108498898753', '-0.8991989146285704'),
(123, 'Sector 5', '-78.65070411780472', '-0.8926865827761503'),

(124, 'Sector 6', '-78.61432164197305', '-0.8926865827761503'),
(125, 'Sector 6', '-78.58202581675872', '-0.8926195225441234'),
(126, 'Sector 6', '-78.58202581675872', '-0.8991989146285704'),
(127, 'Sector 6', '-78.61432164197305', '-0.8991989146285704'),
(128, 'Sector 6', '-78.61432164197305', '-0.8926865827761503'),

(129, 'Sector 7', '-78.65108498898753', '-0.8991989146285704'),
(130, 'Sector 7', '-78.61432164197305', '-0.8991989146285704'),
(131, 'Sector 7', '-78.61432164197305', '-0.9057120488943866'),
(132, 'Sector 7', '-78.65108498898753', '-0.9057120488943866'),
(133, 'Sector 7', '-78.65108498898753', '-0.8991989146285704'),

(134, 'Sector 8', '-78.61432164197305', '-0.8991989146285704'),
(135, 'Sector 8', '-78.58202581675872', '-0.8991989146285704'),
(136, 'Sector 8', '-78.58202581675872', '-0.9057120488943866'),
(137, 'Sector 8', '-78.61432164197305', '-0.9057120488943866'),
(138, 'Sector 8', '-78.61432164197305', '-0.8991989146285704'),

(139, 'Sector 9', '-78.65108498898753', '-0.9057120488943866'),
(140, 'Sector 9', '-78.61432164197305', '-0.9057120488943866'),
(141, 'Sector 9', '-78.61432164197305', '-0.9119250123099789'),
(142, 'Sector 9', '-78.64903922658276', '-0.9119250123099789'),
(143, 'Sector 9', '-78.65108498898753', '-0.9057120488943866'),

(144, 'Sector 10', '-78.61432164197305', '-0.9057120488943866'),
(145, 'Sector 10', '-78.58202581675872', '-0.9057120488943866'),
(146, 'Sector 10', '-78.58202581675872', '-0.9119250123099789'),
(147, 'Sector 10', '-78.61432164197305', '-0.9119250123099789'),
(148, 'Sector 10', '-78.61432164197305', '-0.9057120488943866'),

(149, 'Sector 11', '-78.64903922658276', '-0.9119250123099789'),
(150, 'Sector 11', '-78.61432164197305', '-0.9119250123099789'),
(151, 'Sector 11', '-78.61432164197305', '-0.9202585708103044'),
(152, 'Sector 11', '-78.64626074628896', '-0.9202585708103044'),
(153, 'Sector 11', '-78.64903922658276', '-0.9119250123099789'),

(154, 'Sector 12', '-78.61432164197305', '-0.9119250123099789'),
(155, 'Sector 12', '-78.58202581675872', '-0.9119250123099789'),
(156, 'Sector 12', '-78.58202581675872', '-0.9202585708103044'),
(157, 'Sector 12', '-78.61432164197305', '-0.9202585708103044'),
(158, 'Sector 12', '-78.61432164197305', '-0.9119250123099789'),

( 159, 'Sector 13', '-78.64626074628896', '-0.9202585708103044'),
( 160, 'Sector 13', '-78.61432164197305', '-0.9202585708103044'),
( 161, 'Sector 13', '-78.61432164197305', '-0.9270053028184435'),
( 162, 'Sector 13', '-78.64304572496631', '-0.9270053028184435'),
( 163, 'Sector 13', '-78.64626074628896', '-0.9202585708103044'),

( 164, 'Sector 14', '-78.61432164197305', '-0.9202585708103044'),
( 165, 'Sector 14', '-78.58202581675872', '-0.9202585708103044'),
( 166, 'Sector 14', '-78.58202581675872', '-0.9270053028184435'),
( 167, 'Sector 14', '-78.61432164197305', '-0.9270053028184435'),
( 168, 'Sector 14', '-78.61432164197305', '-0.9202585708103044'),

( 169, 'Sector 15', '-78.64304572496631', '-0.9270053028184435'),
( 170, 'Sector 15', '-78.61432164197305', '-0.9270053028184435'),
( 171, 'Sector 15', '-78.61432164197305', '-0.9341766910675062'),
( 172, 'Sector 15', '-78.63898476443941', '-0.9341766910675062'),
( 173, 'Sector 15', '-78.64304572496631', '-0.9270053028184435'),

( 174, 'Sector 16', '-78.61432164197305', '-0.9270053028184435'),
( 175, 'Sector 16', '-78.58202581675872', '-0.9270053028184435'),
( 176, 'Sector 16', '-78.58202581675872', '-0.9341766910675062'),
( 177, 'Sector 16', '-78.61432164197305', '-0.9341766910675062'),
( 178, 'Sector 16', '-78.61432164197305', '-0.9270053028184435'),

( 179, 'Sector 17', '-78.63898476443941', '-0.9341766910675062'),
( 180, 'Sector 17', '-78.61432164197305', '-0.9341766910675062'),
( 181, 'Sector 17', '-78.61432164197305', '-0.9432039112739261'),
( 182, 'Sector 17', '-78.63117360456346', '-0.9432039112739261'),
( 183, 'Sector 17', '-78.63898476443941', '-0.9341766910675062'),

( 184, 'Sector 18', '-78.61432164197305', '-0.9341766910675062'),
( 185, 'Sector 18', '-78.58202581675872', '-0.9341766910675062'),
( 186, 'Sector 18', '-78.58927605461488', '-0.9432039112739261'),
( 187, 'Sector 18', '-78.61432164197305', '-0.9432039112739261'),
( 188, 'Sector 18', '-78.61432164197305', '-0.9341766910675062'),

( 189, 'Sector 19', '-78.63117360456346', '-0.9432039112739261'),
( 190, 'Sector 19', '-78.61432164197305', '-0.9432039112739261'),
( 191, 'Sector 19', '-78.61432164197305', '-0.9542483950777552'),
( 192, 'Sector 19', '-78.62598702120928', '-0.9542483950777552'),
( 193, 'Sector 19', '-78.63117360456346', '-0.9432039112739261'),

( 194, 'Sector 20', '-78.61432164197305', '-0.9432039112739261'),
( 195, 'Sector 20', '-78.58927605461488', '-0.9432039112739261'),
( 196, 'Sector 20', '-78.60006796454702', '-0.9542483950777552'),
( 197, 'Sector 20', '-78.61432164197305', '-0.9542483950777552'),
( 198, 'Sector 20', '-78.61432164197305', '-0.9432039112739261'),

( 199, 'Sector 21', '-78.62598702120928', '-0.9542483950777552'),
( 200, 'Sector 21', '-78.61432164197305', '-0.9542483950777552'),
( 201, 'Sector 21', '-78.61432164197305', '-0.9654733829937214'),
( 202, 'Sector 21', '-78.62120619306621', '-0.9654733829937214'),
( 203, 'Sector 21', '-78.62598702120928', '-0.9542483950777552'),

( 204, 'Sector 22', '-78.61432164197305', '-0.9542483950777552'),
( 205, 'Sector 22', '-78.60006796454702', '-0.9542483950777552'),
( 206, 'Sector 22', '-78.60006796454702', '-0.9654733829937214'),
( 207, 'Sector 22', '-78.61432164197305', '-0.9654733829937214'),
( 208, 'Sector 22', '-78.61432164197305', '-0.9542483950777552'),

( 209, 'Sector 23', '-78.62120619306621', '-0.9654733829937214'),
( 210, 'Sector 23', '-78.60006796454702', '-0.9654733829937214'),
( 211, 'Sector 23', '-78.60065389631609', '-0.9738150424251018'),
( 212, 'Sector 23', '-78.61816348318818', '-0.9738150424251018'),
( 213, 'Sector 23', '-78.62120619306621', '-0.9654733829937214'),

( 214, 'Sector 24', '-78.61816348318818', '-0.9738150424251018'),
( 215, 'Sector 24', '-78.60065389631609', '-0.9738150424251018'),
( 216, 'Sector 24', '-78.60074805706378', '-0.9836224949725931'),
( 217, 'Sector 24', '-78.61716518574156', '-0.9836224949725931'),
( 218, 'Sector 24', '-78.61816348318818', '-0.9738150424251018');

-- relacion
insert into lugar_punto_geografico (id_lugar , id_punto_geografico ) values 
(1, 101),
(1, 102),
(1, 103),
(1, 104),

(2, 105),
(2, 106),
(2, 107),
(2, 108),

( 3, 109),
( 3, 110),
( 3, 111),
( 3, 112),
( 3, 113),

(3, 114),
(3, 115),
(3, 116),
(3, 117),
(3, 118),

(5, 119),
(5, 120),
(5, 121),
(5, 122),
(5, 123),

(6, 124 ),
(6, 125 ),
(6, 126 ),
(6, 127 ),
(6, 128 ),

(7,129 ),
(7,130 ),
(7,131 ),
(7,132 ),
(7,133 ),

(8,134 ),
(8,135 ),
(8,136 ),
(8,137 ),
(8,138 ),

(9,139 ),
(9,140 ),
(9,141 ),
(9,142 ),
(9,143 ),

(10,144 ),
(10,145 ),
(10,146 ),
(10,147 ),
(10,148 ),

(11,149),
(11,150),
(11,151),
(11,152),
(11,153),

(12,154),
(12,155),
(12,156),
(12,157),
(12,158),

(13,159),
(13,160),
(13,161),
(13,162),
(13,163),

( 14, 164),
( 14, 165),
( 14, 166),
( 14, 167),
( 14, 168),

( 15, 169),
( 15, 170),
( 15, 171),
( 15, 172),
( 15, 173),

( 16, 174),
( 16, 175),
( 16, 176),
( 16, 177),
( 16, 178),

( 17, 179),
( 17, 180),
( 17, 181),
( 17, 182),
( 17, 183),

( 18, 184),
( 18, 185),
( 18, 186),
( 18, 187),
( 18, 188),

( 19, 189),
( 19, 190),
( 19, 191),
( 19, 192),
( 19, 193),

( 20, 194),
( 20, 195),
( 20, 196),
( 20, 197),
( 20, 198),

( 21, 199),
( 21, 200),
( 21, 201),
( 21, 202),
( 21, 203),

( 22, 204),
( 22, 205),
( 22, 206),
( 22, 207),
( 22, 208),

( 23, 209),
( 23, 210),
( 23, 211),
( 23, 212),
( 23, 213),

( 24, 214),
( 24, 215),
( 24, 216),
( 24, 217),
( 24, 218);